{"stats":{"minecraft:custom":{"minecraft:jump":44,"minecraft:time_since_rest":1073,"minecraft:crouch_one_cm":243,"minecraft:leave_game":1,"minecraft:sprint_one_cm":4212,"minecraft:play_time":1073,"minecraft:damage_taken":70,"minecraft:time_since_death":1073,"minecraft:walk_one_cm":689,"minecraft:sneak_time":40,"minecraft:climb_one_cm":16,"minecraft:total_world_time":1073,"minecraft:fall_one_cm":3140,"minecraft:fly_one_cm":9584},"minecraft:mined":{"minecraft:grass":3,"minecraft:oak_leaves":1,"minecraft:fern":1}},"DataVersion":3465}